{
    "properties": {
      "name": {
        "pattern": "^[a-zA-Z\\.\\-\\d_]+$",
        "message": "Name must be only letters, numbers, dots, underscores or dashes",
        "default": "sample",
        "required": true
      },
      "componentName": {
        "required": true
      }
    },
    "tpl": {
      "scaffolding-templates/html": "root/html/{{name}}.html",
      "scaffolding-templates/component": "app/{{name}}.tsx",
      "scaffolding-templates/index": "app/components/{{name}}/index.tsx"
    }
  }